type,time,x,y,etc
// x の大体限界170 yの大体限界130
// enemy0
//0,1.0,0.0,138.0,NO_USE
//0,1.1,25.0,138.0,NO_USE
//0,1.1,-25.0,138.0,NO_USE
//0,2.0,100.0,138.0,NO_USE
//0,2.1,75.0,138.0,NO_USE
//0,2.1,125.0,138.0,NO_USE
//0,3.0,-100.0,138.0,NO_USE
//0,3.1,-75.0,138.0,NO_USE
//0,3.1,-125.0,138.0,NO_USE
// enemy1
//1,4.0,-100,138.0,75,4
//1,4.0,-80,138.0,75,4
//enemy2
//敵タイプ,時間,初期x,初期y,目標x,目標y,待ち時間,折り返すか
//2,5.0,190,110,-190,110,0,false
//2,5.0,-190,80,100,80,2,true
//2,7.0,-40,145,-45,-145,0,false
//2,7.0,40,145,40,30,3,true
//中ボス
//敵タイプ,時間,初期x,初期y,目標x,目標y
mid,1.0,0,140,0,80
boss,4.0,0,180,0,90